1,F3476-ND,CS-001
1,F2583CT-ND,CS-002
4,277-5840-ND,CS-003
1,1N4007-E3/54GICT-ND,CS-004
5,WM1813-ND,CS-005
2,WM1815-ND,CS-006
2,WM1861-ND,CS-007
10,785-1000-1-ND,CS-008
1,495-6903-ND,CS-011
3,SW787-ND,CS-012
20,445-1314-1-ND,CS-013
10,445-1354-1-ND,CS-014
10,1276-3103-1-ND,CS-015
3,541-6.80RCT-ND,CS-016
2,P10KDBCT-ND,CS-017
2,P95.3KDBCT-ND,CS-018
10,P100HCT-ND,CS-019
10,P1.00KHCT-ND,CS-020
25,P10.0KHCT-ND,CS-021
10,P100KHCT-ND,CS-022
10,P22.0HCT-ND,CS-023
10,P2.70KHCT-ND,CS-024
10,P3.01KHCT-ND,CS-025
10,541-330HCT-ND,CS-026
10,P5.10KHCT-ND,CS-027
10,P680HCT-ND,CS-028
3,296-51112-1-ND,CS-029
1,1965-ESP32-C6-WROOM-1-N8CT-ND,CS-030
1,296-48544-1-ND,CS-031
1,FSUSB42MUXCT-ND,CS-032
10,445-180363-1-ND,CS-034
1,1866-3053-ND,CS-035
1,BC3366CT-ND,CS-036
1,455-S2B-XH-A-ND,CS-037
2,SMBJ7.0ALFCT-ND,CS-038
10,296-11601-1-ND,CS-039
10,296-11607-1-ND,CS-040
2,SRP5030TA-4R7MCT-ND,CS-041
10,497-5574-1-ND,CS-042
2,296-39220-1-ND,CS-043
1,296-17188-1-ND,CS-046
1,296-TPS7A2433DBVRCT-ND,CS-047
1,2073-USB4105-GF-ACT-ND,CS-048
2,516-1310-ND,CS-050
1,817-2400-ND,CS-051
2,WM1785-ND,CS-052
1,486-1032-ND,CS-053
2,F4609-ND,CS-055
1,HM1993-ND,CS-056
1,1067-467MP-1-5-ND,CS-057
1,486-3-125-661-ND,CS-059
3,WM1846-ND,CS-060
3,WM1783-ND,CS-061
10,A27817-ND,CS-065
2,A27238-ND,CS-066
1,A27237-ND,CS-067
1,3720-M3231-ND,CS-068
1,839-11-00017-ND,CS-069
1,839-10-02248-ND,CS-071
1,F1468-ND,CS-072
2,455-2266-ND,CS-073
10,BXH-001T-P0.6-ND,CS-074
25,WM1837-ND,CS-075
2,3720-8463-ND,CS-077
3,277-16905-ND,CS-083
50,RPC6312-ND,CS-086
50,RPC10430-ND,CS-087
5,952-2015-ND,CS-091
5,952-1526-ND,CS-092
6,RPC7004-ND,CS-093
16,145-50M030050H012-ND,CS-094
20,RPC7082-ND,CS-095
50,RPC1552-ND,CS-096
5,RPC7018-ND,CS-102
