Board,Reference,Manufacturer,MPN,Value,Quantity per set,Footprint,Assembly,BOM ID,Purchase status,Source
controller,C1,Murata,GRM32ER71E226ME15L,22uF,1,CrystalShim_Controller:Controller_C1,Owner soldering,BOM-63,Not ordered,https://pim.murata.com/asset/pim4/ceramicCapacitorSMD/GRM32ER71E226ME15-04CA-EN_PDF_CERAMICCAPACITORSMD?lastModifiedDatetime=20260730173647
controller,C11,TDK,C1608X7R1H104K080AA,100nF,1,CrystalShim_Controller:Controller_C11,Owner soldering,BOM-81,Not ordered,https://product.tdk.cn/system/files/dam/doc/product/capacitor/ceramic/mlcc/charasheet/c1608x7r1h104k080aa.pdf
controller,C12,TDK,C1608X7R1H104K080AA,100nF,1,CrystalShim_Controller:Controller_C12,Owner soldering,BOM-81,Not ordered,https://product.tdk.cn/system/files/dam/doc/product/capacitor/ceramic/mlcc/charasheet/c1608x7r1h104k080aa.pdf
controller,C2,Murata,GRM32ER71E226ME15L,22uF,1,CrystalShim_Controller:Controller_C2,Owner soldering,BOM-63,Not ordered,https://pim.murata.com/asset/pim4/ceramicCapacitorSMD/GRM32ER71E226ME15-04CA-EN_PDF_CERAMICCAPACITORSMD?lastModifiedDatetime=20260730173647
controller,C20,TDK,C2012X7R1E105K125AB,1uF,1,CrystalShim_Controller:Controller_C20,Owner soldering,BOM-82,Not ordered,https://product.tdk.cn/system/files/dam/doc/product/capacitor/ceramic/mlcc/charasheet/c2012x7r1e105k125ab.pdf
controller,C21,TDK,C1608X7R1H104K080AA,100nF,1,CrystalShim_Controller:Controller_C21,Owner soldering,BOM-81,Not ordered,https://product.tdk.cn/system/files/dam/doc/product/capacitor/ceramic/mlcc/charasheet/c1608x7r1h104k080aa.pdf
controller,C3,Murata,GRM32ER71E226ME15L,22uF,1,CrystalShim_Controller:Controller_C3,Owner soldering,BOM-63,Not ordered,https://pim.murata.com/asset/pim4/ceramicCapacitorSMD/GRM32ER71E226ME15-04CA-EN_PDF_CERAMICCAPACITORSMD?lastModifiedDatetime=20260730173647
controller,C30,TDK,C1608X7R1H104K080AA,100nF,1,CrystalShim_Controller:Controller_C30,Owner soldering,BOM-81,Not ordered,https://product.tdk.cn/system/files/dam/doc/product/capacitor/ceramic/mlcc/charasheet/c1608x7r1h104k080aa.pdf
controller,C31,TDK,C1608X7R1H104K080AA,100nF,1,CrystalShim_Controller:Controller_C31,Owner soldering,BOM-81,Not ordered,https://product.tdk.cn/system/files/dam/doc/product/capacitor/ceramic/mlcc/charasheet/c1608x7r1h104k080aa.pdf
controller,C4,Murata,GRM32ER71E226ME15L,22uF,1,CrystalShim_Controller:Controller_C4,Owner soldering,BOM-63,Not ordered,https://pim.murata.com/asset/pim4/ceramicCapacitorSMD/GRM32ER71E226ME15-04CA-EN_PDF_CERAMICCAPACITORSMD?lastModifiedDatetime=20260730173647
controller,C40,TDK,C1608X7R1H104K080AA,100nF,1,CrystalShim_Controller:Controller_C40,Owner soldering,BOM-81,Not ordered,https://product.tdk.cn/system/files/dam/doc/product/capacitor/ceramic/mlcc/charasheet/c1608x7r1h104k080aa.pdf
controller,C41,TDK,C1608X7R1H104K080AA,100nF,1,CrystalShim_Controller:Controller_C41,Owner soldering,BOM-81,Not ordered,https://product.tdk.cn/system/files/dam/doc/product/capacitor/ceramic/mlcc/charasheet/c1608x7r1h104k080aa.pdf
controller,C42,TDK,C1608X7R1H104K080AA,100nF,1,CrystalShim_Controller:Controller_C42,Owner soldering,BOM-81,Not ordered,https://product.tdk.cn/system/files/dam/doc/product/capacitor/ceramic/mlcc/charasheet/c1608x7r1h104k080aa.pdf
controller,C43,TDK,C2012X7R1E105K125AB,1uF,1,CrystalShim_Controller:Controller_C43,Owner soldering,BOM-82,Not ordered,https://product.tdk.cn/system/files/dam/doc/product/capacitor/ceramic/mlcc/charasheet/c2012x7r1e105k125ab.pdf
controller,C44,TDK,C3216X7R1E106K160AB,10uF,1,CrystalShim_Controller:Controller_C44,Owner soldering,BOM-66,Not ordered,https://product.tdk.cn/system/files/dam/doc/product/capacitor/ceramic/mlcc/charasheet/c3216x7r1e106k160ab_200122.pdf
controller,C45,TDK,C1608X7R1H104K080AA,100nF,1,CrystalShim_Controller:Controller_C45,Owner soldering,BOM-81,Not ordered,https://product.tdk.cn/system/files/dam/doc/product/capacitor/ceramic/mlcc/charasheet/c1608x7r1h104k080aa.pdf
controller,C46,TDK,C1608X7R1H104K080AA,100nF,1,CrystalShim_Controller:Controller_C46,Owner soldering,BOM-81,Not ordered,https://product.tdk.cn/system/files/dam/doc/product/capacitor/ceramic/mlcc/charasheet/c1608x7r1h104k080aa.pdf
controller,C47,Murata,GRM32ER71E226ME15L,22uF,1,CrystalShim_Controller:Controller_C47,Owner soldering,BOM-63,Not ordered,https://pim.murata.com/asset/pim4/ceramicCapacitorSMD/GRM32ER71E226ME15-04CA-EN_PDF_CERAMICCAPACITORSMD?lastModifiedDatetime=20260730173647
controller,C5,Murata,GRM32ER71E226ME15L,22uF,1,CrystalShim_Controller:Controller_C5,Owner soldering,BOM-63,Not ordered,https://pim.murata.com/asset/pim4/ceramicCapacitorSMD/GRM32ER71E226ME15-04CA-EN_PDF_CERAMICCAPACITORSMD?lastModifiedDatetime=20260730173647
controller,C6,TDK,C1608X7R1H104K080AA,100nF,1,CrystalShim_Controller:Controller_C6,Owner soldering,BOM-81,Not ordered,https://product.tdk.cn/system/files/dam/doc/product/capacitor/ceramic/mlcc/charasheet/c1608x7r1h104k080aa.pdf
controller,C7,TDK,C1608X7R1H104K080AA,100nF,1,CrystalShim_Controller:Controller_C7,Owner soldering,BOM-81,Not ordered,https://product.tdk.cn/system/files/dam/doc/product/capacitor/ceramic/mlcc/charasheet/c1608x7r1h104k080aa.pdf
controller,C8,TDK,C1608X7R1H104K080AA,100nF,1,CrystalShim_Controller:Controller_C8,Owner soldering,BOM-81,Not ordered,https://product.tdk.cn/system/files/dam/doc/product/capacitor/ceramic/mlcc/charasheet/c1608x7r1h104k080aa.pdf
controller,C9,TDK,C2012X7R1E105K125AB,1uF,1,CrystalShim_Controller:Controller_C9,Owner soldering,BOM-82,Not ordered,https://product.tdk.cn/system/files/dam/doc/product/capacitor/ceramic/mlcc/charasheet/c2012x7r1e105k125ab.pdf
controller,D1,STMicroelectronics,STPS2L40U,STPS2L40U,1,CrystalShim_Controller:Controller_D1,Owner soldering,BOM-27,Not ordered,https://www.st.com/resource/en/datasheet/stps2l40.pdf
controller,D10,STMicroelectronics,STPS2L40U,STPS2L40U,1,CrystalShim_Controller:Controller_D10,Owner soldering,BOM-27,Not ordered,https://www.st.com/resource/en/datasheet/stps2l40.pdf
controller,D11,STMicroelectronics,STPS2L40U,STPS2L40U,1,CrystalShim_Controller:Controller_D11,Owner soldering,BOM-27,Not ordered,https://www.st.com/resource/en/datasheet/stps2l40.pdf
controller,D2,STMicroelectronics,STPS2L40U,STPS2L40U,1,CrystalShim_Controller:Controller_D2,Owner soldering,BOM-27,Not ordered,https://www.st.com/resource/en/datasheet/stps2l40.pdf
controller,D4,Kingbright,WP710A10LGD,WP710A10LGD,1,CrystalShim_Controller:Controller_D4,Owner soldering,BOM-19,Not ordered,https://www.kingbrightusa.com/images/catalog/SPEC/WP710A10LGD.pdf
controller,D7,Littelfuse,SMBJ7.0A,SMBJ7.0A,1,CrystalShim_Controller:Controller_D7,Owner soldering,BOM-108,Not ordered,https://www.littelfuse.com/assetdocs/tvs-diodes-smbj-series-datasheet?assetguid=ba555e99-a12d-4f72-a0b6-86b06c67171e
controller,D8,Littelfuse,SMBJ7.0A,SMBJ7.0A,1,CrystalShim_Controller:Controller_D8,Owner soldering,BOM-108,Not ordered,https://www.littelfuse.com/assetdocs/tvs-diodes-smbj-series-datasheet?assetguid=ba555e99-a12d-4f72-a0b6-86b06c67171e
controller,D9,STMicroelectronics,STPS2L40U,STPS2L40U,1,CrystalShim_Controller:Controller_D9,Owner soldering,BOM-27,Not ordered,https://www.st.com/resource/en/datasheet/stps2l40.pdf
controller,J1,Molex,43650-0300,43650-0300,1,CrystalShim_Controller:Controller_J1,Owner soldering,BOM-35,Not ordered,https://www.molex.com/content/dam/molex/molex-dot-com/products/automated/en-us/salesdrawingpdf/436/43650/436501200_sd.pdf
controller,J2,JST,S2B-XH-A,S2B-XH-A,1,CrystalShim_Controller:Controller_J2,Owner soldering,BOM-125,Not ordered,https://www.jst.com/wp-content/uploads/2025/06/eXH.pdf
controller,J3,Molex,43045-0600,43045-0600,1,CrystalShim_Controller:Controller_J3,Owner soldering,BOM-07,Not ordered,https://www.molex.com/content/dam/molex/molex-dot-com/products/automated/en-us/salesdrawingpdf/430/43045/430450600_sd.pdf
controller,J4,GCT,USB4105-GF-A,USB4105-GF-A,1,CrystalShim_Controller:Controller_J4,Owner soldering,BOM-18,Not ordered,https://gct.co/files/drawings/usb4105.pdf
controller,J5,Molex,43045-0600,43045-0600,1,CrystalShim_Controller:Controller_J5,Owner soldering,BOM-07,Not ordered,https://www.molex.com/content/dam/molex/molex-dot-com/products/automated/en-us/salesdrawingpdf/430/43045/430450600_sd.pdf
controller,J6,Molex,43045-0200,43045-0200,1,CrystalShim_Controller:Controller_J6,Owner soldering,BOM-38,Not ordered,https://www.molex.com/content/dam/molex/molex-dot-com/products/automated/en-us/salesdrawingpdf/430/43045/430450200_sd.pdf
controller,J7,Molex,43045-0200,43045-0200,1,CrystalShim_Controller:Controller_J7,Owner soldering,BOM-38,Not ordered,https://www.molex.com/content/dam/molex/molex-dot-com/products/automated/en-us/salesdrawingpdf/430/43045/430450200_sd.pdf
controller,J8,Molex,43045-0200,43045-0200,1,CrystalShim_Controller:Controller_J8,Owner soldering,BOM-38,Not ordered,https://www.molex.com/content/dam/molex/molex-dot-com/products/automated/en-us/salesdrawingpdf/430/43045/430450200_sd.pdf
controller,J9,Molex,43045-0200,43045-0200,1,CrystalShim_Controller:Controller_J9,Owner soldering,BOM-38,Not ordered,https://www.molex.com/content/dam/molex/molex-dot-com/products/automated/en-us/salesdrawingpdf/430/43045/430450200_sd.pdf
controller,L1,Bourns,SRP5030TA-4R7M,4.7µH,1,CrystalShim_Controller:Controller_L1,Owner soldering,BOM-26,Not ordered,https://www.bourns.com/docs/product-datasheets/srp5030ta.pdf
controller,Q1,Alpha & Omega Semiconductor,AO3400A,AO3400A,1,CrystalShim_Controller:Controller_Q1,Owner soldering,BOM-15,Not ordered,https://www.aosmd.com/res/data_sheets/AO3400A.pdf
controller,Q2,Alpha & Omega Semiconductor,AO3400A,AO3400A,1,CrystalShim_Controller:Controller_Q2,Owner soldering,BOM-15,Not ordered,https://www.aosmd.com/res/data_sheets/AO3400A.pdf
controller,Q3,Alpha & Omega Semiconductor,AO3400A,AO3400A,1,CrystalShim_Controller:Controller_Q3,Owner soldering,BOM-15,Not ordered,https://www.aosmd.com/res/data_sheets/AO3400A.pdf
controller,Q4,Alpha & Omega Semiconductor,AO3400A,AO3400A,1,CrystalShim_Controller:Controller_Q4,Owner soldering,BOM-15,Not ordered,https://www.aosmd.com/res/data_sheets/AO3400A.pdf
controller,R11,Panasonic,ERJ3EKF1002V,10kΩ,1,CrystalShim_Controller:Controller_R11,Owner soldering,BOM-121,Not ordered,https://industrial.panasonic.com/cdbs/www-data/pdf/RDM0000/DMM0000COL17.pdf
controller,R12,Panasonic,ERJ3EKF1002V,10kΩ,1,CrystalShim_Controller:Controller_R12,Owner soldering,BOM-121,Not ordered,https://industrial.panasonic.com/cdbs/www-data/pdf/RDM0000/DMM0000COL17.pdf
controller,R14,Panasonic,ERA3AEB9532V,95.3kΩ,1,CrystalShim_Controller:Controller_R14,Owner soldering,BOM-90,Not ordered,https://industrial.panasonic.com/cdbs/www-data/pdf/RDM0000/DMM0000COL17.pdf
controller,R15,Panasonic,ERA3AEB103V,10kΩ,1,CrystalShim_Controller:Controller_R15,Owner soldering,BOM-83,Not ordered,https://industrial.panasonic.com/cdbs/www-data/pdf/RDM0000/DMM0000COL17.pdf
controller,R2,Panasonic,ERJ3EKF1002V,10kΩ,1,CrystalShim_Controller:Controller_R2,Owner soldering,BOM-121,Not ordered,https://industrial.panasonic.com/cdbs/www-data/pdf/RDM0000/DMM0000COL17.pdf
controller,R20,Panasonic,ERJ3EKF1000V,100Ω,1,CrystalShim_Controller:Controller_R20,Owner soldering,BOM-87,Not ordered,https://industrial.panasonic.com/cdbs/www-data/pdf/RDM0000/DMM0000COL17.pdf
controller,R40,Panasonic,ERJ3EKF5101V,5.1kΩ,1,CrystalShim_Controller:Controller_R40,Owner soldering,BOM-84,Not ordered,https://industrial.panasonic.com/cdbs/www-data/pdf/RDM0000/DMM0000COL17.pdf
controller,R41,Panasonic,ERJ3EKF5101V,5.1kΩ,1,CrystalShim_Controller:Controller_R41,Owner soldering,BOM-84,Not ordered,https://industrial.panasonic.com/cdbs/www-data/pdf/RDM0000/DMM0000COL17.pdf
controller,R42,Panasonic,ERJ3EKF1001V,1kΩ,1,CrystalShim_Controller:Controller_R42,Owner soldering,BOM-85,Not ordered,https://industrial.panasonic.com/cdbs/www-data/pdf/RDM0000/DMM0000COL17.pdf
controller,R43,Panasonic,ERJ3EKF1003V,100kΩ,1,CrystalShim_Controller:Controller_R43,Owner soldering,BOM-86,Not ordered,https://industrial.panasonic.com/cdbs/www-data/pdf/RDM0000/DMM0000COL17.pdf
controller,R44,Panasonic,ERJ3EKF22R0V,22Ω,1,CrystalShim_Controller:Controller_R44,Owner soldering,BOM-89,Not ordered,https://industrial.panasonic.com/cdbs/www-data/pdf/RDM0000/DMM0000COL17.pdf
controller,R45,Panasonic,ERJ3EKF22R0V,22Ω,1,CrystalShim_Controller:Controller_R45,Owner soldering,BOM-89,Not ordered,https://industrial.panasonic.com/cdbs/www-data/pdf/RDM0000/DMM0000COL17.pdf
controller,R46,Panasonic,ERJ3EKF1002V,10kΩ,1,CrystalShim_Controller:Controller_R46,Owner soldering,BOM-121,Not ordered,https://industrial.panasonic.com/cdbs/www-data/pdf/RDM0000/DMM0000COL17.pdf
controller,R50,Panasonic,ERJ3EKF1002V,10kΩ,1,CrystalShim_Controller:Controller_R50,Owner soldering,BOM-121,Not ordered,https://industrial.panasonic.com/cdbs/www-data/pdf/RDM0000/DMM0000COL17.pdf
controller,R51,Panasonic,ERJ3EKF1002V,10kΩ,1,CrystalShim_Controller:Controller_R51,Owner soldering,BOM-121,Not ordered,https://industrial.panasonic.com/cdbs/www-data/pdf/RDM0000/DMM0000COL17.pdf
controller,R52,Panasonic,ERJ3EKF1002V,10kΩ,1,CrystalShim_Controller:Controller_R52,Owner soldering,BOM-121,Not ordered,https://industrial.panasonic.com/cdbs/www-data/pdf/RDM0000/DMM0000COL17.pdf
controller,R53,Panasonic,ERJ3EKF1002V,10kΩ,1,CrystalShim_Controller:Controller_R53,Owner soldering,BOM-121,Not ordered,https://industrial.panasonic.com/cdbs/www-data/pdf/RDM0000/DMM0000COL17.pdf
controller,R54,Panasonic,ERJ3EKF6800V,680Ω,1,CrystalShim_Controller:Controller_R54,Owner soldering,BOM-80,Not ordered,https://industrial.panasonic.com/cdbs/www-data/pdf/RDM0000/DMM0000COL17.pdf
controller,R55,Panasonic,ERJ3EKF3300V,330Ω,1,CrystalShim_Controller:Controller_R55,Owner soldering,BOM-91,Not ordered,https://industrial.panasonic.com/cdbs/www-data/pdf/RDM0000/DMM0000COL17.pdf
controller,R60,Panasonic,ERJ3EKF2701V,2.7kΩ,1,CrystalShim_Controller:Controller_R60,Owner soldering,BOM-88,Not ordered,https://industrial.panasonic.com/cdbs/www-data/pdf/RDM0000/DMM0000COL17.pdf
controller,R61,Panasonic,ERJ3EKF2701V,2.7kΩ,1,CrystalShim_Controller:Controller_R61,Owner soldering,BOM-88,Not ordered,https://industrial.panasonic.com/cdbs/www-data/pdf/RDM0000/DMM0000COL17.pdf
controller,R62,Panasonic,ERJ3EKF22R0V,22Ω,1,CrystalShim_Controller:Controller_R62,Owner soldering,BOM-89,Not ordered,https://industrial.panasonic.com/cdbs/www-data/pdf/RDM0000/DMM0000COL17.pdf
controller,R63,Panasonic,ERJ3EKF22R0V,22Ω,1,CrystalShim_Controller:Controller_R63,Owner soldering,BOM-89,Not ordered,https://industrial.panasonic.com/cdbs/www-data/pdf/RDM0000/DMM0000COL17.pdf
controller,R64,Panasonic,ERJ3EKF1002V,10kΩ,1,CrystalShim_Controller:Controller_R64,Owner soldering,BOM-121,Not ordered,https://industrial.panasonic.com/cdbs/www-data/pdf/RDM0000/DMM0000COL17.pdf
controller,R65,Panasonic,ERJ3EKF1002V,10kΩ,1,CrystalShim_Controller:Controller_R65,Owner soldering,BOM-121,Not ordered,https://industrial.panasonic.com/cdbs/www-data/pdf/RDM0000/DMM0000COL17.pdf
controller,R66,Panasonic,ERJ3EKF1002V,10kΩ,1,CrystalShim_Controller:Controller_R66,Owner soldering,BOM-121,Not ordered,https://industrial.panasonic.com/cdbs/www-data/pdf/RDM0000/DMM0000COL17.pdf
controller,R67,Panasonic,ERJ3EKF1002V,10kΩ,1,CrystalShim_Controller:Controller_R67,Owner soldering,BOM-121,Not ordered,https://industrial.panasonic.com/cdbs/www-data/pdf/RDM0000/DMM0000COL17.pdf
controller,R68,Vishay,CRCW25126R80FKEGHP,6.8Ω,1,CrystalShim_Controller:Controller_R68,Owner soldering,BOM-110,Not ordered,https://www.vishay.com/docs/20043/crcwhpe3.pdf
controller,R69,Vishay,CRCW25126R80FKEGHP,6.8Ω,1,CrystalShim_Controller:Controller_R69,Owner soldering,BOM-110,Not ordered,https://www.vishay.com/docs/20043/crcwhpe3.pdf
controller,R70,Panasonic,ERJ3EKF22R0V,22Ω,1,CrystalShim_Controller:Controller_R70,Owner soldering,BOM-89,Not ordered,https://industrial.panasonic.com/cdbs/www-data/pdf/RDM0000/DMM0000COL17.pdf
controller,R71,Panasonic,ERJ3EKF22R0V,22Ω,1,CrystalShim_Controller:Controller_R71,Owner soldering,BOM-89,Not ordered,https://industrial.panasonic.com/cdbs/www-data/pdf/RDM0000/DMM0000COL17.pdf
controller,R72,Panasonic,ERJ3EKF2701V,2.7kΩ,1,CrystalShim_Controller:Controller_R72,Owner soldering,BOM-88,Not ordered,https://industrial.panasonic.com/cdbs/www-data/pdf/RDM0000/DMM0000COL17.pdf
controller,R73,Panasonic,ERJ3EKF2701V,2.7kΩ,1,CrystalShim_Controller:Controller_R73,Owner soldering,BOM-88,Not ordered,https://industrial.panasonic.com/cdbs/www-data/pdf/RDM0000/DMM0000COL17.pdf
controller,R80,Panasonic,ERJ3EKF1000V,100Ω,1,CrystalShim_Controller:Controller_R80,Owner soldering,BOM-87,Not ordered,https://industrial.panasonic.com/cdbs/www-data/pdf/RDM0000/DMM0000COL17.pdf
controller,R81,Panasonic,ERJ3EKF1002V,10kΩ,1,CrystalShim_Controller:Controller_R81,Owner soldering,BOM-121,Not ordered,https://industrial.panasonic.com/cdbs/www-data/pdf/RDM0000/DMM0000COL17.pdf
controller,R82,Panasonic,ERJ3EKF1000V,100Ω,1,CrystalShim_Controller:Controller_R82,Owner soldering,BOM-87,Not ordered,https://industrial.panasonic.com/cdbs/www-data/pdf/RDM0000/DMM0000COL17.pdf
controller,R83,Panasonic,ERJ3EKF1002V,10kΩ,1,CrystalShim_Controller:Controller_R83,Owner soldering,BOM-121,Not ordered,https://industrial.panasonic.com/cdbs/www-data/pdf/RDM0000/DMM0000COL17.pdf
controller,R84,Panasonic,ERJ3EKF1000V,100Ω,1,CrystalShim_Controller:Controller_R84,Owner soldering,BOM-87,Not ordered,https://industrial.panasonic.com/cdbs/www-data/pdf/RDM0000/DMM0000COL17.pdf
controller,R85,Panasonic,ERJ3EKF1002V,10kΩ,1,CrystalShim_Controller:Controller_R85,Owner soldering,BOM-121,Not ordered,https://industrial.panasonic.com/cdbs/www-data/pdf/RDM0000/DMM0000COL17.pdf
controller,SW1,Omron,B3F-1002-G,B3F-1002-G,1,CrystalShim_Controller:Controller_SW1,Owner soldering,BOM-20,Not ordered,https://omronfs.omron.com/en_US/ecb/products/pdf/en-b3f.pdf
controller,SW2,Omron,B3F-1002-G,B3F-1002-G,1,CrystalShim_Controller:Controller_SW2,Owner soldering,BOM-20,Not ordered,https://omronfs.omron.com/en_US/ecb/products/pdf/en-b3f.pdf
controller,SW3,Omron,B3F-1002-G,B3F-1002-G,1,CrystalShim_Controller:Controller_SW3,Owner soldering,BOM-20,Not ordered,https://omronfs.omron.com/en_US/ecb/products/pdf/en-b3f.pdf
controller,U1,Espressif,ESP32-C6-WROOM-1-N8,ESP32-C6-WROOM-1-N8,1,CrystalShim_Controller:Controller_U1,Owner soldering,BOM-02,Not ordered,https://www.espressif.com/sites/default/files/documentation/esp32-c6-wroom-1_wroom-1u_datasheet_en.pdf
controller,U11,Texas Instruments,ESDS312DBVR,ESDS312DBVR,1,CrystalShim_Controller:Controller_U11,Owner soldering,BOM-107,Not ordered,https://www.ti.com/lit/ds/symlink/esds312.pdf
controller,U12,Texas Instruments,TCA9517ADGKR,TCA9517ADGKR,1,CrystalShim_Controller:Controller_U12,Owner soldering,BOM-33,Not ordered,https://www.ti.com/lit/ds/symlink/tca9517a.pdf
controller,U13,Texas Instruments,ESDS312DBVR,ESDS312DBVR,1,CrystalShim_Controller:Controller_U13,Owner soldering,BOM-107,Not ordered,https://www.ti.com/lit/ds/symlink/esds312.pdf
controller,U2,Diodes Incorporated,AP63203WU-7,AP63203WU-7,1,CrystalShim_Controller:Controller_U2,Owner soldering,BOM-16,Not ordered,https://www.diodes.com/datasheet/download/AP63200-AP63201-AP63203-AP63205.pdf
controller,U3,Texas Instruments,TCA9517ADGKR,TCA9517ADGKR,1,CrystalShim_Controller:Controller_U3,Owner soldering,BOM-33,Not ordered,https://www.ti.com/lit/ds/symlink/tca9517a.pdf
controller,U4,Texas Instruments,TPS3808G01DBVR,TPS3808G01DBVR,1,CrystalShim_Controller:Controller_U4,Owner soldering,BOM-28,Not ordered,https://www.ti.com/lit/ds/symlink/tps3808.pdf
controller,U5,Texas Instruments,TPS2553DBVR,TPS2553DBVR,1,CrystalShim_Controller:Controller_U5,Owner soldering,BOM-62,Not ordered,https://www.ti.com/lit/ds/symlink/tps2553.pdf
controller,U6,Texas Instruments,SN74LVC1G08DBVR,SN74LVC1G08DBVR,1,CrystalShim_Controller:Controller_U6,Owner soldering,BOM-29,Not ordered,https://www.ti.com/lit/ds/symlink/sn74lvc1g08.pdf
controller,U7,Texas Instruments,SN74LVC1G14DBVR,SN74LVC1G14DBVR,1,CrystalShim_Controller:Controller_U7,Owner soldering,BOM-31,Not ordered,https://www.ti.com/lit/ds/symlink/sn74lvc1g14.pdf
controller,U8,onsemi,FSUSB42MUX,FSUSB42MUX,1,CrystalShim_Controller:Controller_U8,Owner soldering,BOM-30,Not ordered,https://www.onsemi.com/download/data-sheet/pdf/fsusb42-d.pdf
controller,U9,STMicroelectronics,USBLC6-2SC6,USBLC6-2SC6,1,CrystalShim_Controller:Controller_U9,Owner soldering,BOM-32,Not ordered,https://www.st.com/resource/en/datasheet/usblc6-2.pdf
mains,C1,TDK,B32921C3473K000,47nF,1,CrystalShim_Mains:Mains_C1,Owner soldering,BOM-14,Not ordered,https://www.tdk-electronics.tdk.com/inf/20/20/db/fc_2009/X2_B32921_928.pdf
mains,C2,Murata,GRM32ER71E226ME15L,22uF,1,CrystalShim_Mains:Mains_C2,Owner soldering,BOM-63,Not ordered,https://pim.murata.com/asset/pim4/ceramicCapacitorSMD/GRM32ER71E226ME15-04CA-EN_PDF_CERAMICCAPACITORSMD?lastModifiedDatetime=20260730173647
mains,C3,Murata,GRM32ER71E226ME15L,22uF,1,CrystalShim_Mains:Mains_C3,Owner soldering,BOM-63,Not ordered,https://pim.murata.com/asset/pim4/ceramicCapacitorSMD/GRM32ER71E226ME15-04CA-EN_PDF_CERAMICCAPACITORSMD?lastModifiedDatetime=20260730173647
mains,C4,Murata,GRM32ER71E226ME15L,22uF,1,CrystalShim_Mains:Mains_C4,Owner soldering,BOM-63,Not ordered,https://pim.murata.com/asset/pim4/ceramicCapacitorSMD/GRM32ER71E226ME15-04CA-EN_PDF_CERAMICCAPACITORSMD?lastModifiedDatetime=20260730173647
mains,C5,TDK,C1608X7R1H104K080AA,100nF,1,CrystalShim_Mains:Mains_C5,Owner soldering,BOM-81,Not ordered,https://product.tdk.cn/system/files/dam/doc/product/capacitor/ceramic/mlcc/charasheet/c1608x7r1h104k080aa.pdf
mains,C6,Murata,GRM32ER71E226ME15L,22uF,1,CrystalShim_Mains:Mains_C6,Owner soldering,BOM-63,Not ordered,https://pim.murata.com/asset/pim4/ceramicCapacitorSMD/GRM32ER71E226ME15-04CA-EN_PDF_CERAMICCAPACITORSMD?lastModifiedDatetime=20260730173647
mains,C7,TDK,C1608X7R1H104K080AA,100nF,1,CrystalShim_Mains:Mains_C7,Owner soldering,BOM-81,Not ordered,https://product.tdk.cn/system/files/dam/doc/product/capacitor/ceramic/mlcc/charasheet/c1608x7r1h104k080aa.pdf
mains,D1,Vishay,1N4007-E3/54,1N4007-E3/54,1,CrystalShim_Mains:Mains_D1,Owner soldering,BOM-25,Not ordered,https://www.vishay.com/docs/88503/1n4001.pdf
mains,F2,Littelfuse,0451003.MRL,0451003.MRL,1,CrystalShim_Mains:Mains_F2,Owner soldering,BOM-119,Not ordered,https://www.littelfuse.com/assetdocs/fuse-451-and-453-datasheet?assetguid=533cd5cc-956c-4243-867f-6ab5a62f6ba1
mains,F3,Littelfuse,0215001.MXEP,0215001.MXEP,1,CrystalShim_Mains:Mains_F3,Owner soldering,BOM-118,Not ordered,https://www.littelfuse.com/assetdocs/littelfuse_fuse_215_datasheet?assetguid=990f7193-d9a2-48e4-b760-2b43514249cf
mains,J1,Phoenix Contact,1868076,1868076,1,CrystalShim_Mains:Mains_J1,Owner soldering,BOM-09,Not ordered,https://www.phoenixcontact.com/en-us/products/pcb-terminal-block-mkds-5-2-762-1868076
mains,J2,Phoenix Contact,1868076,1868076,1,CrystalShim_Mains:Mains_J2,Owner soldering,BOM-09,Not ordered,https://www.phoenixcontact.com/en-us/products/pcb-terminal-block-mkds-5-2-762-1868076
mains,J3,Phoenix Contact,1868076,1868076,1,CrystalShim_Mains:Mains_J3,Owner soldering,BOM-09,Not ordered,https://www.phoenixcontact.com/en-us/products/pcb-terminal-block-mkds-5-2-762-1868076
mains,J4,Phoenix Contact,1868076,1868076,1,CrystalShim_Mains:Mains_J4,Owner soldering,BOM-09,Not ordered,https://www.phoenixcontact.com/en-us/products/pcb-terminal-block-mkds-5-2-762-1868076
mains,J5,Molex,43650-0300,43650-0300,1,CrystalShim_Mains:Mains_J5,Owner soldering,BOM-35,Not ordered,https://www.molex.com/content/dam/molex/molex-dot-com/products/automated/en-us/salesdrawingpdf/436/43650/436501200_sd.pdf
mains,J6,Molex,43045-0200,43045-0200,1,CrystalShim_Mains:Mains_J6,Owner soldering,BOM-38,Not ordered,https://www.molex.com/content/dam/molex/molex-dot-com/products/automated/en-us/salesdrawingpdf/430/43045/430450200_sd.pdf
mains,K1,Omron,G5RL-1A-TV8 DC5,G5RL-1A-TV8 DC5,1,CrystalShim_Mains:Mains_K1,Owner soldering,BOM-04,Not ordered,https://omronfs.omron.com/en_US/ecb/products/pdf/en-g5rl.pdf
mains,L1,Bourns,SRP5030TA-4R7M,4.7µH,1,CrystalShim_Mains:Mains_L1,Owner soldering,BOM-26,Not ordered,https://www.bourns.com/docs/product-datasheets/srp5030ta.pdf
mains,R1,Vishay,PR02FS0201000KA100,100Ω,1,CrystalShim_Mains:Mains_R1,Owner soldering,BOM-24,Not ordered,https://www.vishay.com/docs/28915/pr02fs.pdf
mains,RV1,Littelfuse,TMOV14RP175EL2T7,TMOV14RP175EL2T7,1,CrystalShim_Mains:Mains_RV1,Owner soldering,BOM-13,Not ordered,https://www.littelfuse.com/assetdocs/tmov-itmov?assetguid=bd475732-1071-4352-b8aa-f78b0007eb05
mains,U1,Mean Well,IRM-45-12,IRM-45-12,1,CrystalShim_Mains:Mains_U1,Owner soldering,BOM-03,Not ordered,https://www.meanwell.com/Upload/PDF/IRM-45/IRM-45-SPEC.PDF
mains,U2,Diodes Incorporated,AP63205WU-7,AP63205WU-7,1,CrystalShim_Mains:Mains_U2,Owner soldering,BOM-120,Not ordered,https://www.diodes.com/datasheet/download/AP63200-AP63201-AP63203-AP63205.pdf
sensor,C1,TDK,C3216X7R1E106K160AB,10uF,1,CrystalShim_Sensor:Sensor_C1,Owner soldering,BOM-66,Not ordered,https://product.tdk.cn/system/files/dam/doc/product/capacitor/ceramic/mlcc/charasheet/c3216x7r1e106k160ab_200122.pdf
sensor,C2,TDK,C3216X7R1E106K160AB,10uF,1,CrystalShim_Sensor:Sensor_C2,Owner soldering,BOM-66,Not ordered,https://product.tdk.cn/system/files/dam/doc/product/capacitor/ceramic/mlcc/charasheet/c3216x7r1e106k160ab_200122.pdf
sensor,C3,TDK,C1608X7R1H104K080AA,100nF,1,CrystalShim_Sensor:Sensor_C3,Owner soldering,BOM-81,Not ordered,https://product.tdk.cn/system/files/dam/doc/product/capacitor/ceramic/mlcc/charasheet/c1608x7r1h104k080aa.pdf
sensor,C4,TDK,C2012X7R1E105K125AB,1uF,1,CrystalShim_Sensor:Sensor_C4,Owner soldering,BOM-82,Not ordered,https://product.tdk.cn/system/files/dam/doc/product/capacitor/ceramic/mlcc/charasheet/c2012x7r1e105k125ab.pdf
sensor,D2,STMicroelectronics,STPS2L40U,STPS2L40U,1,CrystalShim_Sensor:Sensor_D2,Owner soldering,BOM-27,Not ordered,https://www.ic-components.pl/files/fe/STPS2L40AF.pdf
sensor,R1,Panasonic,ERJ3EKF22R0V,22Ω,1,CrystalShim_Sensor:Sensor_R1,Owner soldering,BOM-89,Not ordered,https://industrial.panasonic.com/cdbs/www-data/pdf/RDM0000/DMM0000COL17.pdf
sensor,R2,Panasonic,ERJ3EKF22R0V,22Ω,1,CrystalShim_Sensor:Sensor_R2,Owner soldering,BOM-89,Not ordered,https://industrial.panasonic.com/cdbs/www-data/pdf/RDM0000/DMM0000COL17.pdf
sensor,R3,Panasonic,ERJ3EKF2701V,2.7kΩ,1,CrystalShim_Sensor:Sensor_R3,Owner soldering,BOM-88,Not ordered,https://industrial.panasonic.com/cdbs/www-data/pdf/RDM0000/DMM0000COL17.pdf
sensor,R4,Panasonic,ERJ3EKF2701V,2.7kΩ,1,CrystalShim_Sensor:Sensor_R4,Owner soldering,BOM-88,Not ordered,https://industrial.panasonic.com/cdbs/www-data/pdf/RDM0000/DMM0000COL17.pdf
sensor,R5,Panasonic,ERJ3EKF1002V,10kΩ,1,CrystalShim_Sensor:Sensor_R5,Owner soldering,BOM-121,Not ordered,https://industrial.panasonic.com/cdbs/www-data/pdf/RDM0000/DMM0000COL17.pdf
sensor,R6,Panasonic,ERJ3EKF3011V,3.01kΩ,1,CrystalShim_Sensor:Sensor_R6,Owner soldering,BOM-117,Not ordered,https://industrial.panasonic.com/cdbs/www-data/pdf/RDM0000/DMM0000COL17.pdf
sensor,U1,Texas Instruments,FDC1004DGSR,FDC1004DGSR,1,CrystalShim_Sensor:Sensor_U1,Owner soldering,BOM-01,Not ordered,https://www.ti.com/lit/ds/symlink/fdc1004.pdf
sensor,U2,Texas Instruments,TPS7A2433DBVR,TPS7A2433DBVR,1,CrystalShim_Sensor:Sensor_U2,Owner soldering,BOM-17,Not ordered,https://www.ti.com/lit/ds/symlink/tps7a24.pdf
sensor,U3,Texas Instruments,ESDS312DBVR,ESDS312DBVR,1,CrystalShim_Sensor:Sensor_U3,Owner soldering,BOM-107,Not ordered,https://www.ti.com/lit/ds/symlink/esds312.pdf
