"#","QUANTITY","PART NUMBER","MANUFACTURER PART NUMBER","DESCRIPTION","UNIT OF MEASURE","CUSTOMER REFERENCE","AVAILABILITY","UNIT PRICE"
"1","1","F3476-ND","0215001.MXEP","FUSE CERAMIC 1A 250VAC 5X20MM","","CS-001","Immediate","5.01000"
"2","4","277-5840-ND","1868076","TERM BLK 2P SIDE ENT 7.62MM PCB","","CS-003","Immediate","2.80000"
"3","5","WM1813-ND","0430450200","CONN HEADER R/A 2POS","","CS-005","Immediate","1.44000"
"4","2","WM1815-ND","0430450600","CONN HEADER R/A 6POS 3MM","","CS-006","Immediate","2.99000"
"5","2","WM1861-ND","0436500300","CONN HEADER R/A 3POS 3MM","","CS-007","Immediate","1.79000"
"6","1","495-6903-ND","B32921C3473K000","CAP FILM 0.047UF 10% 630VDC RAD","","CS-011","Immediate","0.82000"
"7","3","SW787-ND","B3F-1002-G","SWITCH TACTILE SPST-NO 0.05A 24V","","CS-012","Immediate","4.95000"
"8","1","1866-3053-ND","IRM-45-12","AC/DC CONVERTER 12V 46W","","CS-035","Immediate","21.10000"
"9","1","455-S2B-XH-A-ND","S2B-XH-A","CONN HEADER R/A 2POS 2.5MM","","CS-037","Immediate","0.21000"
"10","1","F2583CT-ND","0451003.MRL","FUSE BRD MNT 3A 125VAC/VDC 2SMD","","CS-002","Immediate","3.62000"
"11","1","1N4007-E3/54GICT-ND","1N4007-E3/54","DIODE GEN PURP 1KV 1A DO204AL","","CS-004","Immediate","0.82000"
"12","10","785-1000-1-ND","AO3400A","MOSFET N-CH 30V 5.7A SOT23-3L","","CS-008","Immediate","0.50300"
"13","3","296-51112-1-ND","ESDS312DBVR","TVS DIODE 3.6VWM 6.5VC SOT23-5","","CS-029","Immediate","1.23000"
"14","1","1965-ESP32-C6-WROOM-1-N8CT-ND","ESP32-C6-WROOM-1-N8","RF TXRX MODULE BT PCB TRACE SMD","","CS-030","Immediate","8.67000"
"15","1","296-48544-1-ND","FDC1004DGSR","IC PROXIMITY 4CH 10VSSOP","","CS-031","Immediate","6.51000"
"16","1","FSUSB42MUXCT-ND","FSUSB42MUX","IC USB SWITCH DPDT 10MSOP","","CS-032","Immediate","1.30000"
"17","1","BC3366CT-ND","PR02FS0201000KR500","RES 100 OHM 10% 2W AXIAL","","CS-036","Immediate","0.72000"
"18","2","SMBJ7.0ALFCT-ND","SMBJ7.0A","TVS DIODE 7VWM 12VC DO214AA","","CS-038","Immediate","0.78000"
"19","10","296-11601-1-ND","SN74LVC1G08DBVR","IC AND 1-CIR 2-IN SOT-23-5","","CS-039","Immediate","0.12000"
"20","10","296-11607-1-ND","SN74LVC1G14DBVR","IC INV 1-CIR 1-IN SOT-23-5","","CS-040","Immediate","0.14700"
"21","2","SRP5030TA-4R7MCT-ND","SRP5030TA-4R7M","FIXED IND 4.7UH 4.6A 53 MOHM SMD","","CS-041","Immediate","1.72000"
"22","10","497-5574-1-ND","STPS2L40U","DIODE SCHOTTKY 40V 2A SMB","","CS-042","Immediate","0.52500"
"23","2","296-39220-1-ND","TCA9517ADGKR","IC XLTR VL BIDIR 8-VSSOP","","CS-043","Immediate","1.91000"
"24","1","296-17188-1-ND","TPS3808G01DBVR","IC SUPERVISOR 1 CHANNEL SOT23-6","","CS-046","Immediate","3.06000"
"25","1","296-TPS7A2433DBVRCT-ND","TPS7A2433DBVR","IC REG LINEAR 3.3V 200MA SOT23-5","","CS-047","Immediate","1.11000"
"26","10","2073-USB4105-GF-ACT-ND","USB4105-GF-A","CONN RCP USB2.0 TYP C 16P SMD RA","","CS-048","Immediate","0.99100"
"27","20","445-1314-1-ND","C1608X7R1H104K080AA","CAP CER 0.1UF 50V X7R 0603","","CS-013","Immediate","0.08800"
"28","10","445-1354-1-ND","C2012X7R1E105K125AB","CAP CER 1UF 25V X7R 0805","","CS-014","Immediate","0.19100"
"29","3","541-6.80RCT-ND","CRCW25126R80FKEGHP","RES SMD 6.8 OHM 1% 1.5W 2512","","CS-016","Immediate","1.22000"
"30","2","P10KDBCT-ND","ERA-3AEB103V","RES SMD 10K OHM 0.1% 1/10W 0603","","CS-017","Immediate","0.17000"
"31","2","P95.3KDBCT-ND","ERA-3AEB9532V","RES SMD 95.3KOHM 0.1% 1/10W 0603","","CS-018","Immediate","0.17000"
"32","10","P100HCT-ND","ERJ-3EKF1000V","RES SMD 100 OHM 1% 1/10W 0603","","CS-019","Immediate","0.06100"
"33","10","P1.00KHCT-ND","ERJ-3EKF1001V","RES SMD 1K OHM 1% 1/10W 0603","","CS-020","Immediate","0.06100"
"34","25","P10.0KHCT-ND","ERJ-3EKF1002V","RES SMD 10K OHM 1% 1/10W 0603","","CS-021","Immediate","0.04480"
"35","10","P100KHCT-ND","ERJ-3EKF1003V","RES SMD 100K OHM 1% 1/10W 0603","","CS-022","Immediate","0.06100"
"36","10","P22.0HCT-ND","ERJ-3EKF22R0V","RES SMD 22 OHM 1% 1/10W 0603","","CS-023","Immediate","0.06100"
"37","10","P2.70KHCT-ND","ERJ-3EKF2701V","RES SMD 2.7K OHM 1% 1/10W 0603","","CS-024","Immediate","0.06400"
"38","10","P3.01KHCT-ND","ERJ-3EKF3011V","RES SMD 3.01K OHM 1% 1/10W 0603","","CS-025","Immediate","0.06100"
"39","10","P5.10KHCT-ND","ERJ-3EKF5101V","RES SMD 5.1K OHM 1% 1/10W 0603","","CS-027","Immediate","0.06100"
"40","10","P680HCT-ND","ERJ-3EKF6800V","RES SMD 680 OHM 1% 1/10W 0603","","CS-028","Immediate","0.06400"
"41","1","817-2400-ND","FN2090A-1-06","LINE FILTER 110V/250VAC 1A CHASS","","CS-051","Immediate","55.46000"
"42","10","WM1785-ND","0430250600","CONN RCPT HSG 6POS 3.00MM","","CS-052","Immediate","0.67500"
"43","1","486-1032-ND","6200.23","PWR ENT MOD RCPT IEC320-C14 PNL","","CS-053","Immediate","6.61000"
"44","2","F4609-ND","0215002.MXP","FUSE CERAMIC 2A 250VAC 5X20MM","","CS-055","Immediate","3.65000"
"45","1","1067-467MP-1-5-ND","467MP-1-5","TAPE ADHSV TRNSFR CLR 1""X5YDS","","CS-057","Immediate","19.65000"
"46","3","WM1846-ND","0436450300","CONN RCPT HSG 3POS 3.00MM","","CS-060","Immediate","0.62000"
"47","3","WM1783-ND","0430250200","CONN RCPT HSG 2POS 3.00MM","","CS-061","Immediate","0.56000"
"48","10","A27817-ND","2-520184-2","CONN QC RCPT 18-22AWG 0.250","","CS-065","Immediate","0.42600"
"49","2","A27238-ND","31886","CONN RING CIRC 16-22AWG #8 CRIMP","","CS-066","Immediate","0.86000"
"50","1","A27237-ND","320551","CONN RING CIRC 16-22AWG #8 CRIMP","","CS-067","Immediate","0.62000"
"51","1","3720-M3231-ND","M3231","CABLE GRIP 4.32-11.43MM 1/2"" NPT","","CS-068","Immediate","2.01000"
"52","1","839-10-02248-ND","10-02248","CABLE ASSY 2.1MM JACK-CBL RND","","CS-071","Immediate","5.03000"
"53","1","F1468-ND","01500274Z","FUSE HLDR CART 350V 10A IN LINE","","CS-072","Immediate","6.25000"
"54","2","455-2266-ND","XHP-2","CONN RCPT HSG 2POS 2.50MM","","CS-073","Immediate","0.16000"
"55","10","BXH-001T-P0.6-ND","BXH-001T-P0.6","CONN SOCKET 22-26AWG CRIMP TIN","","CS-074","Immediate","0.07300"
"56","25","WM1837-ND","0430300007","CONN SOCKET 20-24AWG CRIMP TIN","","CS-075","Immediate","0.23560"
"57","2","3720-8463-ND","8463","NLN 1/2 NPT BLACK","","CS-077","Immediate","0.50000"
"58","10","277-16905-ND","3240707","CABLE TIE HLDR QUAD ADHESIVE BLK","","CS-083","Immediate","0.08900"
"59","5","952-2015-ND","R30-6700794","ROUND SPACER M3 NYLON 7MM","","CS-091","Immediate","0.94400"
"60","5","952-1526-ND","R30-6700394","ROUND SPACER M3 NYLON 3MM","","CS-092","Immediate","0.47800"
"61","10","1276-3103-1-ND","CL31B106KLHNNNE","CAP CER 10UF 35V X7R 1206","","CS-015","Immediate","0.74600"
"62","10","541-330HCT-ND","CRCW0603330RFKEA","RES SMD 330 OHM 1% 1/8W 0603","","CS-026","Immediate","0.05000"
"63","10","445-180363-1-ND","CGA6P3X7R1E226M250AB","CAP CER 22UF 25V X7R 1210","","CS-034","Immediate","1.77800"
"64","2","516-1310-ND","HLMP-1790","LED GREEN DIFFUSED T-1 T/H","","CS-050","Immediate","0.95000"
"65","20","RPC7082-ND","04M030050HN","NUT HEX NYLON M3X0.5","","CS-095","Immediate","0.12800"
"66","50","RPC1552-ND","MFW030A","WASHER FLAT M3 NYLON","","CS-096","Immediate","0.09400"
"67","50","RPC6312-ND","04M040070HN","NUT HEX NYLON M4","","CS-086","Immediate","0.16020"
"68","50","RPC10430-ND","16M04090080","WASHER FLAT M4 NYLON","","CS-087","Immediate","0.09940"
"69","6","RPC7004-ND","50M030050P016","MACH SCREW PAN PHILLIPS M3X0.5","","CS-093","Immediate","0.18800"
"70","16","145-50M030050H012-ND","50M030050H012","MACH SCREW FLAT SLOTTED M3X0.5","","CS-094","Immediate","0.17000"
"71","5","RPC7018-ND","50M040070D030","BOLT CHEESE HEAD SLOTTED M4X0.7","","CS-102","Immediate","0.20600"
"72","1","486-3-125-661-ND","3-125-661","RC320-01 REAR COVER","","CS-059","Immediate","3.25000"

